Accession,pvalue,for_change
O35945,0.071168462,-0.566666667
Q9EPC1,0.037143778,0.336666667
Q9D7A8,0.00831662,-0.266666667
Q8R3F5,0.026748448,-0.15
P45952,0.10747024,0.24
Q9CSU0,0.280631461,-0.126666667
Q99LC5,0.008620965,-0.12
Q3URE1,0.482639712,0.136666667
Q8R104,0.288275454,-0.4
Q8R1F5,0.232429258,-0.473333333
Q8VCQ8,0.000218303,1.37
P12970,0.128539638,0.31
Q3UQ44,0.38007923,-0.06
O70475,0.006115256,0.92
P40936,0.003044457,-1.026666667
Q8BH59,0.184443947,0.383333333
A0A0A6YWB0,0.144083723,-0.146666667
Q8BMA6,0.583195049,-0.093333333
E9Q456,0.143444629,0.633333333
P70670,0.750731006,0.043333333
Q64523,0.146332691,0.49
P43274,0.369470787,0.463333333
Q9EQF5,0.024999742,0.596666667
Q9CQR4,0.234600772,-0.186666667
B2RXS4,0.109379618,0.21
Q9DCL9,0.355658644,-0.19
Q91WD5,0.189899752,0.076666667
Q8VCC2,0.013276621,-0.396666667
Q9QZD8,0.020441813,-0.246666667
P49722,0.319539983,0.123333333
P20029,0.357044189,-0.06
E9PVP0,0.096625481,-0.076666667
P61027,0.719037725,-0.04
P56399,0.053801475,0.113333333
Q64727,0.125288246,0.12
Q62318,0.514947642,0.193333333
Q9D7J9,0.138237434,-0.093333333
P46735,0.790029617,0.02
E9Q1G8,0.914566832,0.01
O70325,0.032423879,0.266666667
Q9Z1N5,0.296512574,0.046666667
Q922R8,0.625199363,-0.026666667
Q8K183,0.067840684,0.243333333
P09103,0.021479973,-0.293333333
Q9R0Q6,0.196056409,0.213333333
A0A0R4J0B4,0.131670658,0.146666667
Q3UNZ8,0.012371779,-0.76
E9Q827,0.223682677,0.17
Q3TCH7,0.251209109,-0.113333333
Q9Z0V7,0.722247018,0.166666667
Q924Z4,0.002911669,-0.373333333
P06909,0.979924541,-0.003333333
Q91ZP3,0.365851023,0.373333333
Q922B2,0.00515082,-0.57
P70349,0.381977278,-0.076666667
P52480,0.603070086,0.12
O88908,0.737288258,0.136666667
Q99J77,0.775009662,0.063333333
Q61937,0.127670297,0.126666667
E9QJT5,0.348885302,-0.163333333
Q3TCR7,0.921632103,0.013333333
Q8BL97,0.226090053,-0.183333333
Q9CVB6,0.122947366,0.21
Q9D5T0,0.100124909,-0.306666667
Q9CQR2,0.7718173,0.093333333
Q9JII6,0.009768008,0.25
Q9DCP2,0.246019229,0.383333333
Q8VDQ8,0.235786686,0.223333333
Q99LF4,0.35386878,0.066666667
Q3UE92,0.562789826,-0.083333333
P43024,0.027968361,0.406666667
Q6NSR8,0.151661233,0.406666667
Q9WU84,0.778195198,0.07
Q9EP72,0.628410795,0.443333333
Q99MR6,0.027537554,0.26
Q9DCS2,0.258880855,0.05
Q9EPE9,0.049075897,-0.27
Q99PG0,0.013697058,-0.21
Q61029,0.640291492,0.12
P62821,0.043660952,0.423333333
Q64737,0.148676089,0.156666667
Q5RKZ7,0.06528479,0.216666667
Q8BFY9,0.155913336,0.61
Q8R5I6,1,5.55E-17
A0A0R4J140,0.60798561,0.056666667
P45878,0.00820628,-0.316666667
Q9D5J6,0.691283057,-0.02
Q8BHA3,0.073914712,-0.47
O35857,0.021961074,-0.316666667
Q8BI84,0.125369134,-0.21
Q6PCM2,0.289862914,0.106666667
O89110,0.600849681,0.663333333
Q8CHT0,0.002302432,-0.316666667
F6ZGI7,0.26963362,-0.17
Q9ET01,0.06669728,-0.153333333
Q8VC30,0.363603866,0.153333333
Q8VE37,0.335060909,-0.226666667
O55013,0.082862257,-0.206666667
Q8BG32,0.203273446,0.093333333
Q61599,0.009055793,0.313333333
P10605,0.932452627,-0.01
Q5SUH7,0.744605927,0.02
P29341,0.375019955,-0.086666667
Q9WUP7-2,0.884363693,-0.036666667
O08677,0.046573079,-0.45
Q7TNE1,0.079076673,-0.393333333
P10833,0.230185281,0.21
Q91X83,0.247761571,-0.183333333
P19783,0.116952036,0.113333333
P07901,0.003736471,0.496666667
Q8C2Q3,0.164871698,-0.156666667
Q4VAA2,0.718558916,0.14
Q9D883,0.077252601,0.276666667
Q9ESW4,0.229109438,-0.146666667
Q569Z6,0.295458357,0.116666667
Q9WUM5,0.135138549,-0.133333333
Q9QUI0,0.118739183,-0.146666667
Q9CZP5,0.077689784,-0.15
Q8R1S0,0.280966206,-0.093333333
P26043,0.273115336,-0.066666667
Q61941,0.057569281,-0.266666667
P17439,0.075018552,0.22
P32067,0.335246755,-0.073333333
P97872,0.001627523,0.516666667
O88569,0.355199349,0.09
Q5U458,1,0
Q9QXB9,0.544510013,0.106666667
Q9JK53,0.839079565,0.03
Q2V6D6,0.350635239,-0.396666667
Q9JIX8,0.39403876,0.036666667
Q9DBR1,0.772178257,0.036666667
Q9QXD6,0.12269991,0.186666667
Q8VCH6,0.495498003,-0.073333333
Q99KP3,0.364458807,0.38
P17182,0.361181466,-0.116666667
P70194,0.340880456,-0.066666667
Q71RI9,0.016505994,-0.386666667
P43883,0.014824579,1.236666667
Q791V5,0.711305946,0.03
O88986,0.022611287,-0.243333333
Q8VDL4,0.217889332,0.13
Q8VBW8,0.008262805,-0.38
Q8BWQ1,0.005876669,-0.256666667
Q99P88,0.038321933,0.236666667
Q99LP6,0.23505352,0.173333333
Q8VCM7,0.055999405,-0.406666667
Q9CQJ8,0.196396195,0.086666667
Q9JK42,0.011540962,-0.433333333
Q61247,0.80535678,-0.016666667
Q8VEK0,0.153001069,-0.19
P26443,0.006560824,0.196666667
Q9D1R9,0.097821246,-0.323333333
E9Q3C1,0.399630392,0.08
P09671,0.003398603,-0.263333333
P24369,0.798473556,-0.006666667
Q3THS6,0.843304146,0.04
P09411,0.05342512,-0.12
P52196,1,0
Q99KP6,0.930048579,0.006666667
Q99MZ7,0.07703521,-0.136666667
Q91YI0,0.061151929,-0.156666667
Q99K67,0.186123022,-0.176666667
Q9Z1Z2,0.661463602,0.036666667
P48036,0.034456079,0.36
P14148,0.482489858,0.163333333
Q8BRF7,0.083084827,-0.273333333
O88543,0.752647336,-0.056666667
Q3UPL0,0.041009897,-0.173333333
Q9D172,0.616499463,0.086666667
Q6PFA2,0.168241099,0.176666667
P57784,0.246264152,-0.333333333
Q3TEA8,0.131261321,-0.163333333
Q64521,0.082719005,-0.503333333
O09174,0.610130735,0.046666667
P28651,0.745756423,-0.093333333
P37804,0.819561524,-0.06
Q9QZ88,0.836127042,-0.03
Q9CQA3,0.291170986,-0.076666667
P13439,0.022991949,-0.603333333
P26150,0.579857131,-0.13
Q8BH00,0.022290351,-0.073333333
P27546-2,0.163124809,0.1
Q62446,0.597964154,-0.136666667
Q61335,0.756017512,-0.123333333
O88342,0.183273215,-0.13
P63028,0.378881425,-0.156666667
Q9CPY7,0.012868663,-0.26
Q99K01-4,0.107158305,-0.233333333
P62869,0.027414681,0.596666667
O08663,0.064376724,-0.153333333
P23492,0.006394301,-0.323333333
Q3U0V1,0.049123446,0.256666667
Q8VIJ6,0.066893104,-0.32
Q8R0V5,0.02381097,-0.846666667
Q9CPU0,0.009503889,-0.763333333
Q8CGV4,0.070331614,-1.25
Q8VBT2,0.003159029,0.67
Q64012,0.042631977,-0.39
Q8C6B0,0.301515074,0.176666667
Q9CXS4,0.625460332,-0.07
Q8BGL3,0.562973922,-0.076666667
O08914,0.333314729,0.14
Q9JLZ3,0.468828904,0.176666667
Q9JII5,0.11551683,0.196666667
Q9CQX8,0.377820032,-0.126666667
Q3KQQ2,1.18E-05,0.966666667
Q99L04,0.003979442,0.436666667
Q9JM76,0.076956396,0.116666667
Q9DCC4,0.601004098,-0.06
Q9JHU4,0.686798482,-0.033333333
P00493,0.000216757,0.213333333
I1E4X1,0.164743807,-0.3
Q8R1I1,0.056909677,0.283333333
Q61635,0.067276476,-0.33
P70699,0.898077631,-0.026666667
P58252,0.917628037,-0.003333333
O88531,0.133829043,-0.446666667
Q8VCR2-2,0.001184584,3.14
Q9CQE8,0.033377373,0.116666667
P03888,0.038630702,0.443333333
Q6GQS1,0.248905984,0.246666667
Q8BU33,0.705899933,0.11
Q9CR86,0.007472605,-0.44
Q9R013,0.633770285,-0.14
P49586,0.4689495,-0.153333333
P14206,0.456029779,-0.14
Q8R317-2,0.840115845,-0.066666667
Q7TMM9,0.059844218,-0.473333333
Q8BH69,0.827271186,0.026666667
Q91VA0,0.179867804,-0.14
A0A1B0GSU0,0.011600851,-0.423333333
P35700,0.041794145,0.426666667
Q9R0P5,0.098143991,-0.11
Q9DBG5,0.038923679,0.293333333
Q9D0M3,0.123383849,-0.123333333
Q99KK7,0.040480345,-0.266666667
Q99KB8,0.001761148,-0.153333333
Q9CX56,0.9604259,-0.006666667
Q9DCU6,0.234550023,0.13
Q6P5F9,0.078192405,-0.316666667
Q9R1J0,0.175921673,-0.523333333
Q91VH2,0.169719607,-0.176666667
Q01853,0.031301925,0.21
Q5SWU9-2,0.342019069,-0.136666667
Q91ZV0,0.347761087,0.1
P23116,0.263087357,-0.12
Q9CQQ7,0.00261444,-0.28
Q6P4T2,0.56556403,0.066666667
Q91YD9,0.471376484,0.376666667
P55302,0.435894505,0.073333333
Q61586,0.048185366,0.19
Q07076,0.017339605,0.31
P26041,0.05543553,0.25
P68510,0.824754828,0.01
O08553,0.290099014,0.086666667
P11031,0.700839757,-0.066666667
Q8K0C4,0.002764083,-0.893333333
P56654,0.093310096,-0.926666667
Q9CQH7,0.128027529,0.136666667
E9QMK9,0.89779779,0.016666667
Q61133,0.18132097,-0.146666667
O08601,0.97707612,-0.003333333
Q60649,0.317662712,0.1
Q80SW1,0.70283627,0.053333333
Q9Z1D1,0.2876646,-0.39
Q9D024-2,0.453180306,-0.123333333
P09528,0.506809321,0.183333333
Q8BMP6,0.467059749,-0.373333333
P0C0S6,0.982721629,-0.003333333
P70290,0.033919874,0.68
O54724,0.619238165,-0.073333333
P62320,0.387190068,-0.15
Q9CQL1,0.037540236,0.35
B5X0G2,0.059522218,-3.81
A0A2I3BPG9,0.428563212,-0.063333333
Q3UIU2,0.299505051,0.3
P61922,0.933104253,0.006666667
P00405,0.337220389,0.08
P31809,0.005565967,0.776666667
F8WIK0,0.517296797,-0.103333333
Q8VDN2,0.086661568,0.103333333
Q61768,0.513955239,0.093333333
A2ATU0,0.082663825,-0.313333333
P14211,0.045630233,0.22
Q9WTP7,0.112865479,-0.3
B1AT82,0.220754593,0.11
P46978,0.695318819,-0.033333333
Q9DCX2,0.014071445,-0.333333333
Q9Z2U0,0.349018234,-0.1
P97384,0.614971305,0.056666667
Q8C165,0.046682947,0.38
P35486,0.046602217,-0.323333333
Q01730,0.121811568,0.146666667
P97300,0.407857554,0.086666667
P08228,0.703169212,-0.06
Q91XE4,0.651384426,0.03
Q9DBA8,0.875019336,-0.02
Q9DCM2,0.000240805,0.406666667
Q3ULD5,0.025698747,0.12
Q9D8N0,0.114774104,-0.086666667
Q60737,0.109207455,0.22
Q61792,0.042878825,-0.143333333
Q99P27,0.002978424,-0.333333333
O70400,0.014814097,1.12
Q9QXZ6,0.084374521,-0.513333333
Q8R3P0,0.027662141,-0.433333333
P70245,0.039946887,-0.403333333
Q8K0Z7,0.285680692,-0.31
Q8BJ64,0.037153029,-0.333333333
Q5XJF6,0.017728001,-0.153333333
Q9DBD0,0.198405577,0.3
Q08943,0.211644843,0.503333333
Q9CZN7-2,0.016981857,-0.293333333
Q06890,0.699417312,-0.053333333
Q8K4Z5,0.433200475,0.083333333
P42227-3,0.2846102,-0.196666667
Q8R0X7,0.202158801,0.846666667
Q9EQ20,0.288041883,0.06
Q3TGU7,0.177796079,-0.16
Q91YH5,0.522665338,0.093333333
Q78PY7,0.86350163,0.01
E9PY39,0.389297613,0.62
Q60866,0.122374541,-0.236666667
Q9JJW0,0.216952223,0.143333333
Q99P30,0.039981532,-0.183333333
P51660,0.053699754,0.25
O08705,0.193663679,-0.156666667
P61620,0.086803587,-0.123333333
Q80X80,0.485234153,-0.123333333
D3Z2J6,0.148559263,0.283333333
Q8VCH0,0.712320707,-0.066666667
Q93092,0.187228454,0.216666667
Q9R233,0.000963951,-0.643333333
Q9D8E6,0.06801159,-0.366666667
Q91WK5,0.010218867,0.64
Q80XN0,0.011721227,-0.613333333
O88587,0.753582441,-0.033333333
Q8R238,0.502777436,0.073333333
Q9D8W5,0.102288696,0.166666667
P56959,0.059807741,-0.216666667
E9PXX7,0.073987338,-0.386666667
P10649,0.104998451,0.266666667
P61514,0.069356829,-0.253333333
P63030,0.226603353,-0.343333333
Q9WV32,0.76659763,0.026666667
Q91WT8,0.193842162,-0.196666667
Q8BJL9,0.008977747,0.903333333
Q9JLV5,0.294792953,-0.12
Q8JZQ2,0.4842134,0.166666667
Q9R111,0.692867279,0.036666667
Q91V77,0.021082385,-0.53
Q99PV0,0.079702971,-0.386666667
P21440,0.710420129,0.053333333
P46638,0.733375415,0.04
Q9CR16,0.436628472,-0.066666667
Q9EQ06,0.385374808,0.276666667
Q80VD1,0.614745895,0.063333333
P47753,0.871294647,0.013333333
P52760,0.27043866,0.09
P23591,0.828107619,0.09
O70570,0.005447545,-0.713333333
O08600,0.321354772,-0.23
P47962,0.032255163,-0.193333333
Q9R0M5,0.002823169,-0.536666667
Q9Z1A1,0.677880933,0.07
Q9CXT8,0.533723707,0.05
Q80UM7,0.360678613,-0.083333333
Q8R146,0.049255344,0.243333333
P97371,0.563470825,-0.063333333
Q9CQF9,0.10696197,0.08
P63073,0.677538893,0.053333333
P12710,0.001303701,-0.68
Q99P72,0.828698183,0.02
Q9CRB9,0.438448609,0.16
Q9WV98,0.430929285,-0.21
Q91W64,0.663070801,0.076666667
Q9JJL3,0.234752993,-0.386666667
P13634,0.037242283,-1.066666667
Q9WU79,0.11793819,0.406666667
Q8JZQ9,0.150383988,-0.113333333
P52792,0.592680996,0.173333333
Q9WVA4,0.001911248,0.38
Q9R1P0,0.151753535,0.09
Q3UEB3-2,0.27466474,-0.1
O09131,0.016920458,-0.486666667
O88851,0.263311575,-0.163333333
O09044,0.691885229,0.136666667
O08807,0.013390878,-0.4
E9QPE7,0.990712301,-0.006666667
Q9D1M0,0.068849941,-0.106666667
Q60960,0.702681935,0.056666667
Q9DCG9,0.769938351,0.016666667
Q925N0,0.941422657,-0.006666667
Q8K157,0.103031165,-0.133333333
P35278,0.5308809,-0.036666667
P47934,0.009989066,0.45
Q9DCG6,0.025307251,-0.2
O09158,0.03986662,-0.703333333
Q61584-3,0.569205018,0.153333333
Q9CR62,0.60894354,-0.053333333
Q6P542,0.021323868,0.27
Q01279,0.031267443,-0.606666667
P60122,0.241559363,0.106666667
P16331,0.683685443,0.016666667
Q9WU19,1,0
Q99JT9,0.135221506,0.223333333
Q7M6Y3,0.763324337,0.106666667
Q9DCH4,0.010021193,-0.22
O09173,0.026470465,0.33
Q00519,0.202788565,-0.043333333
Q99NF7,0.974293402,0.003333333
P31938,0.022886642,-0.476666667
P59999,0.457948961,0.163333333
P35585,0.59627393,-0.096666667
P61087,0.022760272,0.223333333
Q9QZD9,0.367421835,-0.126666667
Q9Z1T1,0.238462942,0.15
P99029,0.135331661,0.34
P62814,0.93789929,-0.016666667
A0A2I3BRW0,0.151581419,-0.31
P08122,0.138277722,0.116666667
Q02257,0.204894842,0.233333333
Q9EP69,0.331277051,0.166666667
P21981,0.307909,0.136666667
P60867,0.049280773,0.256666667
Q9QXF8,0.419027908,0.056666667
Q62448,0.19350924,0.206666667
Q64310,0.954173587,-0.013333333
P17751,0.643816613,0.016666667
P51859,0.181727011,-0.126666667
Q9D517,0.180619491,-0.106666667
P28230,0.216361721,-0.076666667
P63158,0.064139813,-0.133333333
D3YXK2,0.333721846,0.436666667
Q9R0P3,0.370078703,0.046666667
Q9CRD2,0.64879186,0.32
Q80X50-5,0.879426036,0.013333333
D3Z5I1,0.134207531,-0.643333333
G3X9U9,0.178300266,0.143333333
Q8R086,0.307569907,-0.156666667
Q63918,0.273417567,-0.113333333
P47738,0.027657997,-0.203333333
Q64514,0.051746419,-0.406666667
A0A1Y7VNF4,0.257869832,-0.266666667
P56528,0.453164635,-0.276666667
Q91VB8,0.501310255,-0.18
Q924D0,0.200699378,-0.1
Q99JX3,0.298286551,-0.063333333
F8WIT2,0.021735592,0.453333333
Q8C7E7,0.946817754,-0.013333333
Q924Y0,0.015518844,-0.25
Q7TMS5,0.410599288,0.203333333
G5E8U5,0.036950277,0.336666667
Q9EQH3,0.547260265,-0.066666667
Q8VCA8,0.109308606,-0.176666667
P50516,0.149350369,0.19
P48024,0.029218879,0.263333333
P47199,0.014904241,0.1
A0A0R4IZY2,0.686574586,-0.04
Q62165,0.604517064,-0.116666667
P47941,0.410975102,0.18
Q91V04,0.041859125,-0.22
Q02819,0.088800902,-0.2
P63325,0.286770514,0.166666667
P18572,0.047880223,-0.36
O08966,0.37576243,0.1
P62315,0.376961337,0.156666667
P62774,0.099084776,-0.353333333
A0A1B0GSG5,0.319752458,0.073333333
Q8CFA2,0.009995507,-0.836666667
Q99L88,0.590791082,0.066666667
Q9JLB0,0.763024689,0.053333333
P51855,0.527691077,0.106666667
Q80WC7-2,0.017392474,0.27
P52503,0.333965864,0.096666667
Q9EP71,0.26766166,0.186666667
Q9DBL7,0.183227513,-0.143333333
Q62376,0.159405957,-0.2
P62317,0.961490249,0.013333333
P35505,0.203735388,-0.183333333
P62301,0.306062216,-0.256666667
Q9QY76,0.174767582,0.236666667
Q99J39,0.67539362,-0.06
Q3U422,0.099886174,-0.28
F6ZDS4,0.227764364,0.206666667
Q60932,0.030763818,0.106666667
O70318,0.135134959,-0.183333333
Q923D2,1,0
Q9DCZ4-3,0.379130701,0.153333333
O09111,0.809161349,0.043333333
G3X8Q5,0.059484893,0.27
P67778,0.036806201,-0.173333333
P63037,0.156579133,0.113333333
Q9WUR9,0.024409498,-0.43
Q9QXX4,0.005732299,-0.23
O35465-2,0.207938887,-0.246666667
B1B0C7,0.065983402,0.363333333
Q9D892,0.597735334,-0.14
Q6ZWZ4,0.096218997,-0.303333333
Q61543,0.391973034,0.103333333
A0A0R4J1R7,0.588026811,0.033333333
Q9JKY5,0.037643145,0.546666667
Q9D0R2,0.671068155,0.043333333
Q91V41,0.827577509,-0.016666667
Q9QXE0,0.457439419,0.103333333
Q8BHG2-3,0.40509967,-0.07
Q9WVL0,0.089761111,-0.18
P62918,0.002257326,-0.326666667
P49312,0.100222052,-0.146666667
Q8CGK3,0.029763957,0.113333333
O88792,0.579643488,0.203333333
P62242,0.237263143,-0.04
Q8C0Z1,0.715046571,-0.166666667
O88544,0.9121593,-0.02
A0A0R4J0B2,0.067924308,-0.12
P55050,0.459281935,-0.483333333
O55137,0.092870096,-0.246666667
Q9JLV1,0.192508453,0.146666667
Q60864,0.121298677,0.3
Q9D8V0,0.165456374,-0.323333333
O35286,0.042482984,-0.236666667
G3UX44,0.218475743,-0.153333333
Q9CR98,0.828978149,-0.043333333
Q5SVG4,0.456255359,0.053333333
P84091,0.191732564,-0.173333333
Q924B0,0.900128893,-0.03
A0A0R4J137,0.530733272,-0.09
P12246,0.04262008,-1.34
P27612,0.322031757,-0.1
Q00PI9,0.200433664,-0.233333333
O88844,0.201662687,-0.163333333
P63005,0.403692874,-0.12
P10126,0.010357643,0.403333333
O88325,0.007959509,-0.323333333
Q7TT50,0.882529672,0.026666667
Q63886,0.062375456,-0.356666667
Q91Y97,0.014921735,0.203333333
Q9D8B4,0.185760036,0.256666667
A2AQN4,0.013200149,-0.503333333
F6Q8D3,0.009994047,-0.236666667
Q80WW9,0.034548188,-0.25
P01878,0.137265163,-0.706666667
Q64471,0.891284329,0.03
P62305,0.677646168,-0.063333333
A0A1Y7VM56,0.024922278,-0.31
Q3UED7,0.031417411,-0.566666667
P46664,0.302205498,-0.076666667
Q9QZC8,0.333804686,-0.703333333
Q9DC50,0.482003119,-0.11
Q61009,0.565527647,-0.136666667
G3X8T3,0.774810905,0.03
A0A0R4J050,0.20082387,-0.196666667
O35226-2,0.066829134,0.1
P27808,0.1220009,-0.413333333
Q91VM9,0.582184707,-0.103333333
F6VW30,0.445457288,0.226666667
Q9DCD0,0.746686365,-0.133333333
Q924M7,0.198939755,0.383333333
Q9EQ80,0.447608722,0.446666667
A2A9I0,0.912381045,0.02
Q8VDK1,0.049637145,-0.13
P22907,0.114729625,-0.316666667
Q9DBN5,0.106571568,0.32
Q8BGD9,0.015442667,0.18
O35490,0.288804242,0.093333333
P52430,0.099539511,-0.373333333
Q9JHK4,0.861488515,0.066666667
Q61545,0.093501782,0.2
P97450,0.46998262,-0.113333333
A0A286YDA2,0.072289355,0.406666667
Q99JB2,0.140408832,-0.32
A2AVJ7,0.038310707,-0.263333333
P14901,0.010101439,0.346666667
O35488,0.054070863,-0.266666667
Q5SUR0,0.045759064,-0.16
Q8VCW8,0.000196368,1.056666667
A0A0R4J094,0.02600229,-0.63
Q6PA06,0.251716198,0.133333333
Q8BL66,0.005946885,-0.216666667
O35309,0.347571274,-0.08
Q91WS4,0.928130245,-0.05
Q3TJZ6,0.46155209,0.153333333
Q8R1S9,0.198750353,-0.443333333
Q8VDJ3,0.004542522,-0.213333333
Q5FW57,0.00837377,-1.35
Q3U2P1,0.529153975,-0.106666667
P84078,0.441929582,-0.07
Q9QYA2,0.13509442,-0.22
P46935,0.144393364,0.23
Q9CQZ5,0.797737506,0.036666667
Q99PT1,0.389719095,0.083333333
Q8CAQ8,0.545424438,0.036666667
Q8K2M0,0.467595601,0.116666667
P04938,0.008913646,-2.596666667
Q8JZR0,0.022856829,-0.633333333
Q8R2K3,0.043728497,0.523333333
Q3B7Z2,0.738361368,-0.023333333
Q9D6Y9,0.180966448,-0.123333333
Q8CG76,0.128539725,-0.26
Q8CFX3,0.313264329,-0.273333333
A2AIX1,0.983337133,-0.006666667
Q14C51,0.124679536,0.376666667
Q04750,0.027654301,0.393333333
P26369,0.836259054,0.056666667
Q8BU14,0.355562926,-0.283333333
Q80V03,0.004098639,-0.386666667
Q9CWS0,0.873176151,-0.05
P05201,0.40990314,0.106666667
F6V6T4,0.217676929,0.19
Q61646,0.013263158,1.043333333
P47915,0.037945863,-0.72
Q9DCS9,0.137863074,0.373333333
Q8K0D5,0.254354033,-0.426666667
Q9JJU8,0.014300237,0.596666667
A0A1B0GS68,0.4067985,-0.186666667
Q8BP40,0.119908549,-0.26
Q91WT9,0.274655168,-0.136666667
Q9CR00,0.004862194,0.273333333
P26883,0.300925564,0.123333333
Q3U3J1,0.008350388,0.316666667
P67984,0.069094786,0.116666667
Q9DCN1,0.326672537,-0.213333333
Q9CPR4,0.084828232,-0.256666667
P35979,0.543081405,-0.076666667
Q9Z2V4,0.141678078,0.306666667
Q80W54,0.598989034,-0.076666667
Q9EP89,0.015632623,0.543333333
Q569X9,0.023456747,0.73
Q9WVT6,0.069629464,-0.403333333
P29351-2,0.514517226,-0.276666667
P02463,0.856634847,-0.123333333
P01872,0.03136217,-0.87
Q91VR5,0.228659623,0.15
Q5SXR6,0.006484917,0.136666667
Q91WL5,0.026518404,0.236666667
Q01339,0.323576107,0.123333333
Q8BWF0,0.476834194,-0.033333333
O89079,0.088568713,-0.223333333
Q8BMS1,0.011916263,-0.18
O89086,0.078629188,-0.463333333
Q61033,0.232499396,0.196666667
Q91YN5,0.662019568,0.086666667
Q9CXF0,0.094870206,-0.206666667
Q9DBS5,0.521002925,-0.073333333
P70296,2.38E-05,1.186666667
Q8R2P8,0.155999248,0.083333333
Q6GT24,0.623760648,-0.976666667
Q99JY0,0.000203802,-0.296666667
Q91YR1,0.073965878,0.43
Q6NZC7,0.300252318,-0.07
Q8K3J1,0.985158896,0.003333333
Q05816,0.017370198,-1.273333333
Q8BTY1,0.022718156,-0.913333333
Q64378,0.070535963,0.46
P16406,0.93110502,-0.02
P62754,0.132053463,-0.22
K3W4M4,0.401862156,0.156666667
Q8K182,0.868973456,-0.04
P00397,0.315577481,0.153333333
Q3U2G2,0.032746793,0.133333333
Q9JIM1-2,0.607671073,-0.056666667
Q8K169,0.010859919,0.67
Q3TBW2,0.691688393,-0.04
P01837,0.042735985,-0.516666667
O35452,0.556533741,0.076666667
Q8VBZ3,0.071879289,0.18
A0A1B0GRV0,0.37015844,-0.073333333
P06745,0.006715517,0.256666667
Q8BG73,0.34166656,0.126666667
Q78IK2,0.321097595,0.216666667
A0JNU3,0.480084711,-0.07
Q62261,0.548890945,0.026666667
O35685,0.001505211,0.633333333
A2ABY3,0.016345247,-0.373333333
Q9EPL8,0.357812675,0.146666667
Q9R099,0.206124865,-0.106666667
Q8R4H7,0.266674721,0.206666667
Q9CQ69,0.006589977,-0.403333333
P97379,0.076704978,0.246666667
A2A5R2,0.785417139,0.053333333
Q6ZWV3,0.072943894,-0.126666667
Q91VD9,0.152451592,-0.12
Q9WUZ9,0.022887582,0.226666667
P61164,0.962967896,0.003333333
P41317,0.453113142,0.3
Q9Z2U1,0.09645614,0.093333333
Q6PHQ8,0.182322981,2.273333333
Q3URS9,0.748709097,0.056666667
Q5XJY5,0.028202878,-0.19
Q8BWM0,0.490981852,-0.413333333
Q05915,0.352486246,-0.323333333
Q91VT4,0.09690257,-0.173333333
Q05421,0.137285938,0.05
Q9CXN7,0.267429736,0.17
Q99LB2,0.400954711,-0.086666667
Q8CHR6,0.118157762,-0.233333333
O70194,0.142393801,-0.61
Q9DAU1,0.093239579,-0.233333333
Q8K268,0.423010505,-0.113333333
Q9DB20,0.138805368,-0.296666667
Q8CGS6,0.005522012,0.546666667
P62843,0.369501744,-0.066666667
Q9D1I5,0.762116126,0.04
E9Q2S0,0.494517703,0.123333333
Q62087,0.55121241,0.126666667
Q91X34,0.480150805,0.043333333
Q9CQE1,0.050664082,-0.183333333
P43275,0.457005145,-0.11
P97315,0.037703728,0.293333333
Q8C2Q7,0.153823122,-0.173333333
Q8BT60,0.385420257,-0.246666667
P16460,0.033606251,0.253333333
Q80X90,0.413394645,-0.056666667
P62830,0.403619712,-0.08
Q6XVG2,0.961032232,0.013333333
Q00898,0.008949868,-5.326666667
Q64374,0.10777544,-0.256666667
Q9QXT0,0.158635121,0.243333333
Q8BGQ7,0.009259911,0.096666667
Q91WU5,0.067820434,0.64
Q91YP3,0.02290665,-0.506666667
P70274,0.388100549,-0.186666667
Q07417,0.103830188,-0.156666667
Q61233,0.017485095,0.273333333
P62331,0.85788153,-0.03
Q9D1D4,0.168980443,-0.186666667
P01027,0.93278343,-0.003333333
Q8VCC1,0.015758862,-0.793333333
P06802-2,0.02142306,-0.523333333
Q80W22,0.087263575,0.43
Q61166,0.420869715,-0.106666667
Q64458,0.033586429,0.863333333
A2A7S7,0.578795882,0.173333333
Q5F285,0.106647066,0.126666667
O35129,0.815029703,0.023333333
P19157,0.077695068,0.37
G3X925,0.078092323,0.36
Q99LY9,0.675258,0.053333333
Q62189,0.239537417,0.183333333
P97372,0.297257873,-0.133333333
B7ZNH7,0.009408729,-0.37
P53994,0.106472757,-0.223333333
E9Q317,0.042317327,0.146666667
P19096,0.042178687,-0.753333333
Q9EQH2,0.199009615,-0.333333333
Q9CYW4,0.038532014,-0.456666667
P02535-3,0.015865722,1.713333333
P40336,0.332359689,0.21
Q8BK64,0.186350072,0.2
Q9ESP1,0.539407624,-0.086666667
Q8R050,0.007420824,-0.226666667
P70404,0.107425154,-0.16
P48678,0.03772013,0.22
Q6P5E4,0.790218174,0.026666667
Q8BYK6-3,0.535471682,-0.016666667
E9QKR0,0.914088051,-0.01
O08788,0.76865861,0.033333333
A0A1B0GRP7,0.364897116,0.233333333
Q8R016,0.13577487,0.143333333
P58281-2,0.013823395,-0.16
Q9ERG0,0.281559222,0.2
Q8R3R8,0.143935086,0.126666667
Q8VCI5,0.90607689,0.013333333
G5E8U1,0.389261307,0.183333333
P27773,0.816519909,0.016666667
O08997,0.000281212,0.993333333
P70694,0.00090479,-0.443333333
P56480,0.026060401,-0.2
Q3UFF7,0.271446441,0.136666667
Q9DCQ2,0.597163334,0.08
A0A0R4J1E2,0.190063899,0.16
B2RPU8,0.018346788,-0.626666667
P50544,0.440844509,0.063333333
Q9D6J5,0.828445788,-0.02
P97807-2,0.200064166,0.163333333
Q9CQN1,0.013427788,0.25
P15116,0.43455181,0.12
Q9Z0J0,0.043130061,-0.353333333
P00920,0.933804982,0.02
Q9D7N9,0.162735478,0.196666667
Q8R1B4,0.560692814,-0.036666667
Q9JIF7,0.689470763,0.023333333
Q9QYC7,0.014161022,-0.49
P49443,0.44430753,-0.34
Q9QZQ8,0.489529478,0.026666667
Q8BIQ5,0.135311781,0.33
Q8CIN4,0.03263699,-0.216666667
P14152,0.300817275,-0.136666667
P97855,0.956588867,-0.003333333
E9QP56,0.024140827,0.25
P62334,0.431446492,0.086666667
P51658,0.374112852,0.096666667
A3KMP2,0.005961041,-0.853333333
Q9WUM4,0.308118056,0.406666667
P97364,0.447086199,-0.056666667
Q9D2V7,0.677235273,-0.06
P38060,0.065955635,-0.28
P30999,0.846199807,-0.02
P07759,0.002567913,0.823333333
P09405,0.006004271,0.296666667
P04117,0.039899475,0.473333333
Q02780,0.157488131,0.393333333
P48758,0.28755423,0.19
E9PVA8,0.729200906,0.023333333
F6YVP7,0.015464685,-0.21
Q05D44,0.00240239,-0.496666667
P61161,0.020452548,0.176666667
Q6NXL1,0.111923139,-0.143333333
P35550,0.049057974,0.466666667
Q99K23,0.131967625,0.283333333
P97823,0.850010351,0.026666667
Q8C1B7,0.405978453,0.236666667
P84099,0.826163948,0.033333333
P60229,0.369953467,0.086666667
Q60597,0.007685552,0.133333333
O08749,0.044022565,-0.143333333
Q921G7,0.091483402,-0.196666667
E9PVU0,0.696936472,0.036666667
Q99JI6,0.295639095,0.233333333
P47857-3,0.307831871,0.213333333
Q91YQ5,0.002192032,-0.256666667
Q9WV54,0.204814729,-0.37
Q9DCU9,0.711783634,0.033333333
Q5FW60,0.010171576,1.2
P23953,0.242433841,0.333333333
Q9ERK4,0.949011148,0.006666667
Q8VCU2,0.028825311,-0.406666667
Q9CZD3,0.41235367,0.16
P62874,0.082940728,0.113333333
Q6IRU5-2,0.050334739,0.173333333
D3Z3Z2,0.798777781,-0.05
E9Q0S6,0.781036274,0.023333333
P45591,0.932265638,-0.013333333
A2ADY9,0.515237504,-0.156666667
P62137,0.664042634,0.026666667
P62281,0.075719137,-0.24
Q8QZR5,0.042714324,0.19
Q07797,0.724387234,-0.043333333
P60843,0.918910544,-0.01
A0A286YCI8,0.344286083,0.316666667
P32921-2,0.690948347,0.063333333
Q78IK4,0.315767028,-0.056666667
P61979-2,0.222994897,0.073333333
Q3UEL5,0.101376175,-0.17
Q9CPT4,0.21571262,-0.25
D3Z3G6,0.82842258,0.02
Q8VE95,0.44383407,0.123333333
Q3UZZ6,0.004509394,0.83
Q68FG2,0.025050153,-0.173333333
A0A140T8J4,0.075278453,-0.37
P26350,0.927901067,-0.02
Q03265,0.004360073,-0.296666667
Q61694,0.221274281,-0.25
P70441,0.001626091,-0.443333333
Q5D073,0.234067247,0.19
P20108,0.216183681,0.13
Q3UWL8,0.24564452,-0.056666667
P09813,0.316684308,1.236666667
O88451,0.003295408,0.496666667
Q9WUU7,0.059147248,0.436666667
P47757-4,0.138536247,-0.06
Q9EST5-2,0.77325957,-0.046666667
Q9R0A0,0.64943392,-0.066666667
Q9DCX8,0.670663684,-0.06
Q9DBJ1,0.00429756,0.56
E9PV24,0.100921284,-0.283333333
Q61990-2,0.183878026,-0.15
Q6ZWU9,0.968907312,0.01
P49429,0.239771524,0.13
Q8VDM6,0.581176922,-0.093333333
Q9JLI0,0.027987488,-0.186666667
Q6A0A9,0.191336355,-0.083333333
Q9JHJ0,0.88186434,0.026666667
Q8R5J9,0.062518816,0.546666667
Q99LX0,0.927497427,0.013333333
Q2TPA8,0.122183228,0.14
Q9CR24,0.23257582,-0.026666667
A0A0A0MQF6,0.30736736,0.163333333
F8VQC1,1,0
E9PVC5,0.806754168,-0.006666667
Q922Y1,0.476690187,0.1
Q9CZR8,0.047482965,-0.296666667
F8WID5,0.200396135,-0.573333333
Q9D898,0.203905989,0.1
P54797,0.078114763,0.546666667
Q91X75,0.000490965,0.94
O88696,0.147041902,0.16
P20060,0.66550541,0.126666667
P28474,0.867412871,-0.013333333
Q8VE97,0.093759447,0.383333333
O70252,0.366985528,0.173333333
Q8BTI8-3,0.172985379,0.196666667
Q8BMJ3,0.082039279,-0.206666667
P54071,0.606285176,-0.126666667
P80315,0.414702167,-0.03
B1AQF4,0.004699952,0.253333333
P50518,0.144323901,-0.31
Q8K2C9,0.042283673,0.25
Q9Z1Q5,0.075115574,0.223333333
D4AFX7,0.845231226,0.02
Q9JHW4,0.057031721,-0.093333333
Q62465,0.380738416,0.433333333
Q3TYT1,0.932625544,0.043333333
O08573,0.360333038,-0.15
P62838,0.017482156,-0.273333333
Q3UEG6,0.892057744,-0.016666667
Q9DCK3,0.01009767,-0.743333333
Q9DCF9-2,0.426367594,-0.06
Q3UPH1,0.141425378,-0.136666667
Q9JHI5,0.002907952,-0.116666667
Q9CY64,0.244960183,-0.313333333
Q9CXW2,0.179467192,0.246666667
P35762,0.261179836,0.173333333
Q8BWW4,0.07434788,0.4
Q8R0N6,0.127945653,0.176666667
P51881,0.012776318,0.273333333
Q91WU0,0.776810493,-0.056666667
P62900,0.290877059,-0.763333333
P50247,0.057145441,-0.126666667
Q60953,0.911929531,0.06
Q9D881,0.014278999,0.22
P30416,0.010417802,0.28
G5E8V9,0.240400982,0.116666667
E9Q414,0.200327297,0.126666667
Q62426,0.363898505,0.046666667
E9Q557,0.83739827,0.036666667
Q63932,0.335468567,-0.736666667
Q3UXS0,0.953121236,0.006666667
P28665,0.060612347,-0.123333333
P09055,0.486912079,0.096666667
Q8K1M3,0.303298665,0.086666667
Q810B6,0.369854123,0.426666667
Q9DCY0,0.020024683,-0.466666667
P16332,0.018930768,-0.12
Q9CR51,0.024813473,-0.376666667
Q8C483,0.627910807,0.06
Q9Z172,0.076382316,-0.236666667
Q9EQU5-2,0.128576653,-0.3
Q9CQ75,0.07656862,0.283333333
Q8K370,0.000644189,0.483333333
Q9CXZ1,0.736242421,0.036666667
Q61703,0.032624522,-0.38
Q8BH24,0.810191162,0.026666667
Q6ZWX6,0.267916171,-0.146666667
Q9EP75,0.727253311,-0.086666667
Q8VBV7,0.410265284,-0.156666667
Q9DAW9,0.948980897,0.033333333
Q9DC51,0.508952579,0.12
Q61510,0.711195803,0.03
Q8BH60-2,0.266013747,0.41
Q9CPV4,0.490979486,-0.043333333
Q9CPW4,0.88115471,-0.023333333
Q62418,0.927144792,-0.01
O08547,0.836799316,0.02
P11499,0.000177967,0.416666667
D3Z5G7,0.098005701,-0.79
Q8VC97,0.005597968,-0.65
Q8BGH2,0.197147938,-0.153333333
P52825,1.69E-05,-0.44
Q8BMS4,0.31882658,-0.166666667
Q9D2G2,0.359013528,0.26
O70435,0.418794816,0.08
E9Q616,0.044383701,0.223333333
A4Q9F1,0.929961235,0.013333333
Q9R0H0,0.536537608,-0.33
P57780,0.012967189,0.19
Q9D711,0.112618122,0.396666667
Q8VI36,0.890713808,0.026666667
Q02248,0.519540062,-0.163333333
Q99L13,0.469680195,-0.043333333
Q8BVZ1,0.211590943,0.383333333
E9QNL5,0.247014748,-0.306666667
G3X972,0.636748453,-0.08
P60766,0.770146755,0.02
Q9CZW5,0.822763119,0.013333333
Q9Z2I9,0.386504499,-0.076666667
Q80XL6,0.071521829,0.153333333
P61924,0.017300269,-0.41
Q91V76,0.511683946,0.053333333
Q9D0T1,0.02602404,0.58
Q9QUM9,0.031911509,0.253333333
P99025,0.026823247,-0.54
Q9CPP6,0.021455096,0.83
Q8BFR5,0.552840638,0.04
P80314,0.057522143,0.07
Q91YT0,0.639787632,0.04
P97290,0.610197459,-0.076666667
A0A087WR50,0.004522844,0.146666667
P15626,0.002235215,1.093333333
Q64464,0.299310729,0.206666667
P02088,0.902855153,-0.043333333
A0A2I3BS49,0.178930274,0.256666667
P54728,0.383290732,-0.063333333
Q99J08,0.011429435,-0.283333333
Q91W50,0.23809381,-0.07
P58871,0.476105551,0.243333333
P59017,0.985529199,0.003333333
P16546,0.202591928,0.09
Q924T2,0.164201763,0.313333333
Q91YM4,0.516079172,-0.09
A0A1W2P7A1,0.130236629,-0.136666667
Q501J6,0.021126321,-0.376666667
Q8BWU8,0.024527789,0.353333333
P62983,0.150864492,0.456666667
Q9WVM8,0.122377848,-0.31
Q8BVQ9,0.012467217,0.136666667
P24270,0.125333142,0.206666667
P62962,0.059591422,0.346666667
P70372,0.062341564,-0.153333333
Q80X81,1,0
Q3UZ39,0.721772674,0.076666667
A1BN54,0.249017581,0.14
P11679,0.002298127,0.79
Q68FL6,0.763998672,0.033333333
P45700,0.051508563,-0.203333333
P28063,0.017745785,0.406666667
P54822,0.482141253,-0.086666667
Q99L20,0.002731371,1.2
P97351,0.534297435,-0.053333333
Q8C845,0.733880659,0.05
P51150,0.004389629,0.243333333
P62082,0.697484597,0.11
P11438,0.124535956,0.583333333
Q99KV1,0.113509226,-0.076666667
P23198,0.447438925,-0.123333333
Q9CQC7,0.023630145,-0.22
O35386,6.02E-05,-0.943333333
P63276,0.068280564,-0.21
Q9ERR7,0.230117508,0.156666667
P01942,0.046061173,4.76
Q8CGF5,0.012303728,0.38
P70398,0.343484406,-0.183333333
P28650,0.036933484,-0.45
Q920A5,0.014314205,-0.553333333
Q6A068,0.087755356,-0.346666667
E9QM77,0.604353062,-0.103333333
Q99M87,0.727241933,0.103333333
Q8R1G2,0.893631106,-0.023333333
Q9JL35,0.0131064,0.446666667
P58021,0.103438083,-0.206666667
P48776,0.022050087,0.823333333
Q3UEP4,0.009640374,0.653333333
B9EHJ3,0.056919373,0.306666667
Q9DAK9,0.03913597,-0.39
P70362,0.351452716,0.09
Q8R084,0.099612693,0.19
Q9R0H0-2,0.058553408,-0.16
Q9CYZ2,0.132305024,0.14
Q9QZ85,0.009861854,-0.963333333
F8WJE0,0.048392264,0.26
Q9Z211,0.185278052,0.68
P62897,0.700799557,-0.03
Q8BP47,0.027727381,0.133333333
P61967,0.640101989,-0.036666667
Q9QYY9,0.043720963,-0.303333333
E9PZ91,0.163970685,0.186666667
Q8R1A8,0.764867902,-0.02
Q9ES97,0.275549973,-0.13
O89053,0.835828921,0.046666667
Q9CZB0,0.142027431,-0.316666667
Q02788,0.483532565,0.153333333
Q3UID0,0.236303513,-0.736666667
Q61081,0.011779693,0.406666667
Q9D855,0.502376988,-0.086666667
Q4VBD2,0.204148471,-0.193333333
Q921T2,0.393368367,0.113333333
O54734,0.147724327,-0.233333333
P41105,0.881047441,0.013333333
P60335,0.082632016,-0.14
P61222,0.064674554,0.28
Q9JLJ2,0.002054281,-0.48
Q91WS0,0.152900934,-0.156666667
Q8BMJ2,0.171247315,-0.336666667
Q9ESB3,0.709193188,-0.063333333
Q9CWK8,0.14063543,0.116666667
Q9CQ60,0.62227851,0.08
A0A1W2P7Q9,0.172717218,-0.186666667
Q9EQ32,0.444365229,-0.693333333
P63280,0.325187709,-0.226666667
P21107-2,0.697427788,-0.05
O08759,0.273494943,0.2
P61982,0.092730254,0.533333333
Q9D379,0.019361931,0.833333333
G3UXW9,0.020498926,0.3
Q9WV55,0.923351922,0.01
Q8CC88,0.483157797,-0.04
P51863,0.024905765,0.226666667
Q9CXY6,0.051970359,0.31
P24472,0.081473838,0.293333333
Q91WN4,0.277907018,-0.14
Q3ULW8,0.320951267,-0.216666667
Q9Z2M7,0.092602041,-0.563333333
G3UYJ7,0.310973748,0.053333333
P97792,0.329773546,-0.113333333
O55125,0.001774694,0.376666667
P84096,0.605730565,-0.086666667
P05784,0.002051137,0.773333333
P08226,0.051393042,0.233333333
P41216,0.043538934,-0.143333333
Q91VH6,0.233227318,-0.19
P23589,0.00798399,-0.726666667
P24456,0.23483092,0.15
P40142,0.123648567,-0.243333333
A0A0R4J0I1,0.001447071,-5.483333333
Q9WU78,0.661272578,0.05
Q99KR3,0.061716957,-0.25
Q923B6,0.875480509,-0.016666667
O88746,0.983853977,0.003333333
Q9Z1R9,0.055305584,0.88
Q9CXW4,0.503034158,-0.033333333
A0A0R4J135,0.00041722,2.423333333
P62267,0.01307779,-0.303333333
Q8R2Y0,0.138790236,0.43
P42208,0.033229828,0.256666667
P63085,0.199383268,0.09
Q3UTJ2-2,0.011948615,0.28
P17742,0.43183021,-0.063333333
Q91V89,0.954212588,-0.013333333
Q8VCN5,0.113756577,-0.203333333
Q9DBW0,0.006008595,-0.696666667
Q6IFZ6,0.364425729,0.933333333
Q06185,0.153750231,-0.24
P54823,0.06655105,-0.15
O55022,0.076134612,0.386666667
O09061,0.492326269,0.103333333
Q6PAV2,0.032113523,-0.3
Q9DC61,0.969307423,-0.003333333
Q62167,0.004084093,-0.543333333
G3X982,0.086331834,-0.533333333
F6RPJ9,0.359912277,-0.263333333
Q91X77,0.048563473,-0.3
Q91XE0,0.610297602,0.023333333
Q9DBG3,0.023006867,-0.093333333
Q9D8N2,0.381624804,-0.42
O08810,0.923355162,-0.006666667
H7BWY6,0.371797781,0.113333333
Q923B0,0.797747069,0.053333333
Q9QXD1,0.151534515,0.19
B1ATI0,0.360393514,0.19
D3YVL0,0.538062815,-0.083333333
Q9D0F9,0.015509852,-0.34
Q9CPQ8,0.085823027,-0.263333333
P61358,0.476933302,-0.163333333
P06801,0.855992824,-0.02
P53810,0.134282748,-0.113333333
E9PVZ8,0.019318913,-0.383333333
Q8VCF0,0.027840655,0.316666667
Q91V64,0.021750395,0.313333333
P29788,0.241256695,0.333333333
Q9DCN2,0.023892233,-0.326666667
H3BL34,0.005686175,-0.836666667
Q9CR68,0.931046513,-0.003333333
O55060,0.000929694,-0.353333333
Q6P3A8,0.005795147,0.413333333
P80316,0.000794292,0.193333333
Q8BWY3,0.069431178,0.146666667
P04919,0.49161738,0.203333333
Q8BJU0-2,0.02652758,0.246666667
Q9CQ62,0.022358605,-0.436666667
P84089,0.364274837,0.093333333
Q9D3D9,0.00337956,-0.406666667
Q91VA7,0.036149222,-0.31
P25444,0.617553936,-0.04
Q62086,0.345472424,-0.096666667
E9PZF0,0.183725977,-0.286666667
P31725,0.04895878,1.283333333
Q91W39,0.159405263,0.703333333
Q60598,0.606358707,0.086666667
Q9JKY7,0.62514228,0.023333333
P70122,0.416774164,-0.176666667
Q62433,0.955029277,0.023333333
O88833,0.084549483,-0.3
Q8K2K6,0.119619881,-0.166666667
Q8CCJ3,0.538660527,0.08
O54774,0.712239204,-0.06
Q8K010,0.181854899,0.146666667
P00375,0.001201461,-0.55
A0A0R4J1H2,0.305439665,-0.18
P15532,0.017202833,-0.37
Q64152,0.082709195,-0.26
Q9CPX4,0.793952541,0.113333333
A0A0R4J0L6,0.147957535,0.076666667
Q9Z204-2,0.16882887,-0.79
P62806,0.11387668,0.323333333
Q91VR2,0.008280902,-0.373333333
Q9CQV8,0.708619408,0.043333333
P11983,0.080747855,0.213333333
Q9JMA7,0.01844326,1.57
Q91ZH7,0.440186481,0.21
P42932,0.608972393,-0.026666667
Q9WUR2-2,0.058742997,0.19
Q8BH95,0.306256233,0.086666667
Q61176,0.003334638,0.286666667
Q8R0Y6,0.696964686,-0.02
O35114,0.267772076,0.096666667
P53811,0.247712364,-0.186666667
P14869,0.157032857,-0.24
Q9CWZ3-2,0.28276312,-0.103333333
Q920E5,0.138275296,-0.18
J7NUP1,0.412563966,-0.146666667
Q8K441,0.002273503,-0.413333333
P01029,0.003004295,1.2
P14733,0.19006454,0.153333333
Q9DCT2,0.702474754,0.036666667
P62889,0.083751701,-0.19
Q9QWR8,0.775697229,-0.103333333
Q922Q8,0.358614339,-0.063333333
Q9CWJ9,1,-6.94E-18
P14246,0.108211625,-0.203333333
Q8BX70,0.620421837,0.153333333
Q01405,0.871911993,-0.013333333
Q8BKZ9,0.002171561,-0.633333333
Q9R1S7,0.121746849,0.44
Q91XE8,0.154253421,0.09
P56656,0.074462205,2.036666667
O08709,0.487441274,-0.103333333
Q920A7,0.218376796,0.39
O55143,0.630101181,0.06
Q8R0W0,0.481925222,0.186666667
A0A0R4J293,0.758612075,-0.07
Q99020,0.922676641,-0.026666667
Q8BSY0,0.121230353,0.17
Q99KR7,0.294772206,-0.056666667
Q8C5W0,0.133638331,-0.29
P53395,0.203574621,-0.07
F8WJ05,0.576080093,-0.133333333
P35282,0.002718704,-0.31
Q9D8T7,0.435831236,-0.566666667
P47791,0.240488774,0.16
P10630-2,0.799873162,0.016666667
P17665,0.19526922,0.18
Q7TQI3,0.154514852,-0.24
Q920L1,0.357685385,-0.23
Q91XH5,0.477352823,-0.083333333
P61458,0.107991482,-0.433333333
P62911,0.74418148,-0.026666667
A6X935,0.309557184,-0.16
P29595,0.762492908,-0.016666667
Q9Z2G6,0.234150059,-0.09
Q9D0I9,0.652010298,0.04
P24527,0.003326945,-0.88
Q6PDI5,0.180631316,0.23
Q9QY30,0.035230585,-0.44
P63242,0.097768792,-0.226666667
Q80WJ7,0.888939264,-0.01
G3X8X1,0.008156344,-0.643333333
Q6ZQ08,0.168758443,0.343333333
P97742,0.0938336,-0.246666667
Q9CZ13,0.334749275,-0.063333333
Q7TMK9,0.80664896,0.026666667
Q9Z1F9,0.758899314,-0.08
Q8R0Y8,0.425149076,-0.123333333
Q8K2B3,0.008785058,-0.156666667
Q6R0H7,0.974195794,-0.003333333
P70671,0.441736932,0.15
E9Q1J7,0.161199849,-0.053333333
Q9CRD0,0.187815172,0.086666667
Q3TUE1,0.503514919,0.216666667
A2ASZ8-5,0.139387589,0.173333333
Q91VU6,0.361977665,0.206666667
Q9CW03,0.191024964,-0.58
Q9Z2Q5,0.690459297,-0.113333333
Q8BW75,0.004226385,-0.643333333
Q91W43,0.016330589,0.17
Q8VCX1,0.003598249,-0.356666667
P24549,0.004668936,-0.513333333
Q64433,0.135995783,0.526666667
Q9CY50,0.039944983,-0.21
Q99N42,0.059238041,-0.716666667
A0A1L1SQ51,0.453877044,0.193333333
P20918,0.74509418,-0.033333333
P16015,0.023890425,-0.436666667
Q9CX86,0.133355855,-0.176666667
Q91XD4,0.512803576,0.033333333
Q64726,0.012695838,0.163333333
Q9QZS3,0.475463075,-0.07
Q61578,0.333370081,0.136666667
A2ACG7,0.779111112,0.036666667
P50396,0.01691621,-0.18
F8VPN4,0.066688851,-0.35
Q9DCM0,0.733354648,0.02
Q9ET30,0.881450443,-0.053333333
P52623,0.503596978,-0.233333333
Q5U5V2,0.981875283,-0.003333333
P29699,0.403948319,-0.11
Q9JMA1,0.059326779,0.193333333
Q8VCZ9,0.033057225,-0.76
Q9DBG7,0.971378527,0.006666667
O35459,0.153700239,0.24
Q9R0N0,0.205254398,-0.253333333
Q8CGC7,0.825728642,-0.023333333
P63017,0.000627359,0.353333333
Q6GQT9,0.077284519,0.176666667
Q9WUD0,0.009827332,1.946666667
Q00623,0.022074019,-0.85
Q9D6K5,0.317600552,-0.263333333
Q9DD20,0.673613802,-0.066666667
E9QN99,0.007320768,-0.543333333
Q8K2C7,0.897810897,-0.026666667
Q8CCM6-2,0.405396845,-0.273333333
P51125,0.081805839,0.116666667
Q99JX4,0.212400761,0.173333333
Q9D1Q6,0.435245119,-0.05
Q9DCT1,0.001316987,1.503333333
Q9EPJ9,0.847581447,0.026666667
P55264,0.012070668,0.27
Q9ESX5,0.025304696,-0.396666667
Q8BUV3,0.141416223,0.2
P62960,0.403440923,-0.073333333
P85094,0.326183666,-0.193333333
O09012-2,0.430729789,-0.103333333
Q8CIE6,0.235206778,-0.166666667
Q922I7,0.86939649,0.016666667
P36552,0.171221149,0.19
Q9EPU0-2,0.036535307,0.35
A2AFQ2,0.654530444,-0.05
P99027,0.004380789,-0.216666667
P56593,0.002200898,-0.796666667
Q3U1J4,0.283137249,-0.086666667
Q9WTX5,0.074860971,0.353333333
Q91VA6,0.454843539,-0.04
O88962,0.154099532,-0.2
Q9Z1P6,0.214221197,-0.13
Q9WVJ2,0.041684481,-0.2
Q6PIP5,0.480976757,0.163333333
P19639,0.172605345,-2.986666667
P01902,0.044608118,1.543333333
P28654,0.042478129,-0.363333333
Q9WVJ3,0.552560599,-0.083333333
Q9JKL4,0.215536436,-0.526666667
Q9CQ65,0.186713618,-0.08
Q91ZA3,0.77910856,-0.023333333
G3X9Y5,0.101439857,0.446666667
Q8R0F9,0.638299319,-0.026666667
Q8K4H1-2,0.003996184,-1.16
Q9D662,0.103500636,-0.703333333
Q9CQI6,0.094538848,0.373333333
Q61838,0.029900909,-0.593333333
O70310,0.001008764,0.356666667
P70333,0.516260841,0.03
Q8R4N0,0.026188274,0.31
P30681,0.589703652,-0.1
Q61035,0.280251652,0.193333333
P0DP27,0.040377706,0.75
P12382,0.251015098,0.34
Q9Z2I8,0.00582037,0.246666667
Q62425,0.926378954,0.013333333
Q6PDQ2,0.882820426,-0.02
A2AJL3,0.03042626,-0.33
Q8CC86,0.078563858,0.106666667
Q61425,0.001574103,-0.26
Q61598,0.869359742,-0.01
P62702,0.006569837,-0.256666667
Q8K411,0.013164137,-0.243333333
A2AEM2,0.322405427,0.15
O88545,0.300553172,0.113333333
Q8BSE0,0.582469647,0.13
Q04857,0.978693178,-0.003333333
Q80UG5,0.043944188,0.313333333
A0A286YCV9,0.104731876,-0.216666667
Q64459,0.005421934,1.313333333
O88441,0.219924391,-0.116666667
Q8BWT1,0.001678242,-0.083333333
P28659-4,0.042785352,0.463333333
Q9CZ44-3,0.090089367,0.34
P49935,0.244196233,-0.183333333
Q9R0M6,0.287409154,-0.16
Q9D7G0,0.085231376,-0.156666667
Q9CQF3,0.31008368,-0.19
P62264,0.04211043,-0.116666667
Q9D9V3,0.073804274,-0.526666667
Q8VCT4,0.373855062,-0.116666667
Q8BMF4,0.709361943,0.32
Q6P8X1,0.213289698,-0.103333333
Q8VDW0,0.499502793,-0.19
Q8K154,0.004199767,0.493333333
P04627,0.515765263,0.04
Q9Z2Z6,0.69782417,-0.036666667
Q9DBK0,0.016783852,-0.186666667
P14576,0.59840346,0.05
Q9Z2I0,0.003218627,0.32
Q8BP67,0.014685925,-1.2
Q9DBP5,0.068669538,-0.13
Q3TMX5,0.321014829,0.046666667
P97449,0.11296832,0.243333333
O88685,0.310905638,-0.16
Q9QYG0,0.057257163,-0.216666667
O70251,0.937856425,0.006666667
P10922,0.815557579,-0.06
P25688,0.044555862,-0.15
Q01149,0.00917052,-0.933333333
Q9D6Z1,0.051100194,0.333333333
Z4YJW0,0.570383802,0.05
P58389,0.443375898,0.12
Q8K1M6,0.453035567,0.056666667
Q9CZX9,0.680935529,-0.06
Q91WM2,0.67230489,-0.18
Q5GFD5,0.142799008,0.426666667
Q9WTI7,0.04866738,0.13
A2AS89,0.01345098,-0.24
Q9EQK5,0.031004973,0.3
P62307,0.512298709,0.053333333
P00416,0.322210351,0.203333333
Q9DBH5,0.112273504,-0.17
A0A0N4SUZ3,0.895993084,-0.01
Q99NB9,0.558635737,0.066666667
Q60973,0.913564638,0.056666667
P07309,0.972793453,0.006666667
Q9D6Y7,0.0525947,-0.17
P70195,0.037024736,-0.263333333
P32020,0.870486713,-0.01
Q811D0-3,0.014432339,0.186666667
Q6ZWQ9,0.175247599,0.186666667
Q9CQX2,0.846678341,-0.003333333
O35887,0.511640994,-0.076666667
P62855,0.226967671,-0.103333333
Q6ZQI3,0.177305071,0.446666667
Q8BJY1,0.542593949,0.126666667
P21278,0.309483418,-0.193333333
Q9DBB8,0.104645004,-0.193333333
Q99L45,0.659833393,0.063333333
P26516,0.723836031,-0.05
Q8BFW7,0.145101608,-0.056666667
P28352,0.292370291,0.233333333
P56394,0.431107162,0.13
Q99K28,0.661427476,0.066666667
Q9DC69,0.291154082,-0.206666667
Q99JI4,0.544002994,0.096666667
Q9CQH3,0.386346643,-0.373333333
Q11011,0.12429046,-0.14
Q9CQD1,0.044326844,-0.35
Q8VDT9,0.423254359,0.07
P28271,0.025724728,-0.383333333
Q61191,0.717316014,0.05
Q60936,0.166553401,-0.286666667
Q80Y14,0.003660469,-0.166666667
O35593,0.32490335,-0.333333333
Q8CAP3,0.045993583,-0.15
Q9D0M5,0.309084507,0.16
P61255,0.178976779,-0.206666667
Q9D6M3,0.531900595,-0.07
P97429,1,0
Q60991,0.882711094,0.026666667
H3BJ97,0.32013089,-0.123333333
P97493,0.163459967,0.076666667
E9QPX1,0.584565962,-0.223333333
Q9DBZ5,0.256004828,-0.226666667
A0A0F6AIX5,0.089073035,0.766666667
P27659,0.685412052,0.063333333
E9QNN1,0.562795317,0.04
Q99JB8,0.003813354,0.236666667
Q8JZU2,0.044316863,-0.413333333
Q3U0B3,0.400823104,0.223333333
Q8BK30,0.430279033,0.08
Q8K5B2,0.067225993,0.083333333
Q8BJW6,0.210769495,0.046666667
P20065,0.226196968,0.623333333
Q9CPQ3,0.909355494,-0.026666667
Q07456,0.023019607,-0.326666667
Q6PDM2,0.465897767,0.17
P08249,0.720217473,0.036666667
O35728,0.019547817,0.783333333
P56391,0.040384817,0.17
Q921H8,0.650877081,-0.026666667
Q921M4-2,0.087072796,-0.286666667
P01899,0.019032752,1.546666667
Q4LDG0,0.018119249,0.436666667
D3YTN4,0.321254272,-0.083333333
Q8VC28,0.031187085,-0.253333333
A0A0R4J1C2,0.642251347,0.09
Q7TNG8,0.088455952,0.446666667
P05213,0.173120186,-0.14
P28843,0.138438734,0.35
Q76MZ3,0.151224446,-0.136666667
Q99KJ8,0.773564841,0.096666667
Q9EPK7,0.09979538,0.333333333
D3YVW2,0.423482885,0.166666667
F6SPK0,0.099119429,0.843333333
Q9Z0X1,0.003282781,0.38
Q78ZM0,0.061363191,-0.31
P50285,0.0430809,0.353333333
Q60676,0.523882338,-0.176666667
Q8VCS9,0.693426856,-0.066666667
Q921F2,0.391045257,0.133333333
P35564,0.316041971,0.066666667
P40124,0.706148896,0.036666667
O88736,0.0061807,-0.503333333
Q91ZX7,0.057301514,-0.17
Q9WUQ2,0.281571116,-0.153333333
Q8C5H8,0.002088676,-0.23
P07356,0.017338302,0.396666667
P40630,0.091626577,-0.493333333
P56213,0.416794906,-1.333333333
Q3UM45,0.750246534,-0.41
Q8C5W3-2,0.90413594,-0.02
Q8R404,0.079874983,0.136666667
P17427,0.902584514,-0.003333333
Q64339,0.470529304,0.25
A0A0B4J1G1,0.269024444,-0.433333333
Q91X91,0.100639455,-0.163333333
Q91X52,0.283070531,-0.106666667
Q9D6U8,0.012963726,0.556666667
P48771,0.067955982,0.263333333
Q8CIB5,0.037069782,0.203333333
P01887,0.009758017,0.47
Q8C0E2,0.349045901,0.1
P80317,0.933647873,0.016666667
Q3UW64,0.045783766,0.22
Q60692,0.190359063,-0.096666667
P59242,0.512883585,0.136666667
D3YYD6,0.011376076,-0.563333333
P60670,0.049369747,0.166666667
Q9D4H8,0.678187061,0.073333333
P38647,0.101717861,0.106666667
Q8R123-2,1,0
Q8BG05,0.970817341,0.003333333
Q8VI47,0.005177649,-0.566666667
Q8K4H1,0.000385713,-1.31
P55096,0.146815267,0.086666667
Q71KT5,0.036180958,-0.563333333
P11714,0.212826111,0.1
P62835,0.336369785,-0.123333333
O35841,0.658919564,0.066666667
E9Q5K4,0.250214851,-0.63
P61021,0.275759008,-0.243333333
O08738,0.073526732,-0.506666667
D3YZZ5,0.965783228,-0.003333333
Q64516-1,0.089964304,0.193333333
Q9DB05,0.525490917,0.14
Q9QZX7,0.630017629,0.083333333
Q9ER72,0.869705606,-0.016666667
Q6NZR5,0.401162871,-0.136666667
P47963,0.95494899,-0.01
P58710,0.657066458,-0.04
Q63880,0.138959274,0.156666667
Q9WV68,0.1521044,0.363333333
Q9QZE5,0.018690532,-0.21
Q9JHW2,0.023838936,-0.133333333
Q99LC3,0.20019366,0.13
A0A0A6YX18,0.588857339,-0.043333333
O54749,0.002584778,-0.393333333
Q6P6J9,0.313667741,0.073333333
Q9JM62,0.050662395,0.446666667
Q76LS9,0.066112523,-0.29
E9Q296,0.260151162,0.156666667
P34914,0.005913984,-0.16
P14685,0.101678759,0.22
Q99KI0,0.05826164,-0.206666667
Q9QXY6,0.017706803,0.41
Q8VDD5,0.067827155,0.133333333
O70152,0.263765226,0.536666667
P84104,0.560580354,-0.083333333
Q9CZM2,0.065012112,0.47
Q91Z53,0.390741236,-0.103333333
P19324,0.035986544,0.326666667
A0A0J9YU79,0.979924209,0.003333333
E9Q035,0.381067541,0.1
Q9QZQ1-2,0.365696627,-1.196666667
Q9D826,0.091468006,0.27
Q9JIK5,0.286650281,-0.223333333
Q59J78,0.346688468,0.07
P99026,0.6393951,0.056666667
G3XA48,0.158406198,-0.903333333
Q9CY27,0.52107646,-0.09
Q58A65,0.046947738,-0.32
Q99N91,0.069231817,-0.226666667
P26645,0.86331278,0.033333333
P18242,0.716491939,-0.036666667
Q6ZQ58,0.763865829,-0.21
Q8K4Z3,1,-6.94E-18
Q9JLJ4,0.136207597,-0.39
Q8R059,0.135591591,-0.393333333
P07724,0.462330105,-0.106666667
P06797,0.158197453,0.353333333
Q8CEE7,0.950636644,0.01
A0A087WNT1,0.351049784,0.156666667
Q91YP0,0.415482791,-0.213333333
Q61503,0.370897667,0.23
Q61206,0.919737557,-0.013333333
Q8JZN5,0.117952896,0.133333333
P37040,0.585332105,0.063333333
O35969,0.004720355,-0.496666667
Q9JLT4-4,0.707033594,0.036666667
Q9D6J6,0.802179951,-0.02
P13020,0.4356408,0.076666667
G3X9Y6,0.002990195,-1.643333333
Q9CZS1,0.240917617,-0.69
Q3TXS7,0.146724782,0.16
Q9DCS3,0.099300683,-0.186666667
P70168,0.82483459,-0.016666667
Q9QXK3,0.198259273,-0.14
Q8VDG7,0.107337046,0.503333333
Q9ET22,0.010110521,0.423333333
Q8BP48,0.435357628,0.123333333
O08529,0.354262531,-0.053333333
P13707,0.766939214,-0.023333333
Q8R164,0.048502075,-0.07
Q9EQU5,0.268144405,-0.296666667
Q60854,0.198278719,-0.156666667
P63001,0.206250949,0.213333333
O70503,0.416611207,0.166666667
P45376,0.773599323,-0.026666667
Q9R1P3,0.202084329,0.473333333
P10639,0.464037933,0.033333333
Q9CU62,0.697523265,-0.123333333
P11352,0.002086792,-0.193333333
Q9DCV4,0.049848817,-0.143333333
Q00915,0.004824338,-0.65
E9QPD7,0.033509587,-0.293333333
O88487,0.368573063,-0.036666667
P47754,0.36542738,0.096666667
Q8VDM4,0.329646694,-0.08
P30115,0.70907617,-0.033333333
Q61656,0.154473716,-0.146666667
Q9D0E1,0.015858401,-0.38
Q91XC9,0.812830541,0.05
Q3TNA1,0.017478253,-0.243333333
Q8CFX1,0.045839743,0.523333333
P06728,0.034203083,0.903333333
P62751,0.853541815,0.04
P12787,0.379666648,0.056666667
Q8BWW3,0.680417544,-0.043333333
P34927,0.058508792,-0.513333333
Q14DH7,0.865542292,-0.05
Q9JM14,0.211265309,0.153333333
Q8CI51,0.170089031,0.203333333
Q8CHQ9,0.212693368,0.296666667
Q80VP1,0.829355316,0.06
P18760,0.278705521,-0.146666667
Q60931,0.001455826,-0.19
Q8K0E8,0.009913558,-0.343333333
Q60759,0.448943772,0.083333333
O55234,0.027155956,0.17
P35293,0.022500209,0.18
Q9ERU9,0.140600226,0.19
Q99KC8,0.321196135,-0.143333333
Q9CQ88,0.008724562,-0.3
Q8BGA8,0.230659285,-0.103333333
Q8K1Z0,0.02957108,-0.503333333
P00329,0.025478595,0.56
Q8K4F5,0.103884044,-0.426666667
Q99KQ4,0.044848554,0.183333333
Q9DBF1-2,0.03964866,-0.183333333
P97494,0.688998866,0.023333333
Q9DCE9,0.006918436,-0.5
O89112,0.016791567,0.34
O55029,0.032198822,-0.11
Q8C196,0.007690985,-0.18
Q99J99,0.060035707,-0.316666667
E9QN44,0.83161184,0.136666667
Q64735,0.729467753,0.05
O35215,0.112879561,0.093333333
Q8CDN6,0.278408986,0.21
Q9DBT9,0.016783637,-0.443333333
Q8VCB3,0.001918851,-0.603333333
E9Q3V2,0.550379239,0.106666667
E9PV22,0.937716643,0.026666667
Q9Z1Z0,0.096963187,-0.24
Q9QUR6,0.17155848,-0.106666667
Q8K021,0.50341939,0.233333333
Q8CAY6,0.415024837,-0.12
P51885,0.156230959,0.1
Q99KD5,0.130567224,0.466666667
P48193,0.049925938,0.193333333
Q8K440,0.442119161,0.37
Q9QXZ0,0.408435996,0.126666667
Q61823,0.02487951,-0.483333333
Q60930,0.073497294,0.36
C0HKG5,0.079816397,0.296666667
A0A0A0MQC3,0.72647913,0.136666667
Q9CR61,0.958070207,0.006666667
Q9DB15,0.567729192,0.116666667
Q9ER00,0.459697712,-0.073333333
Q8R1Q8,0.057868967,0.18
Q6P6M7,0.541308748,-0.296666667
Q8C7G5,0.358677826,0.066666667
Q99JR1,0.965783541,0.003333333
Q3V117,0.061096768,-0.336666667
Q80UM3,0.716961379,-0.136666667
Q03249,0.068194761,-0.236666667
Q544X6,0.009870315,-0.333333333
Q6ZQ38,0.227843533,-0.056666667
Q921X9,0.026579116,-0.383333333
Q91V01,0.216788328,0.233333333
Q9CQT1,0.753394405,-0.06
Q9CZ30,0.041085803,0.083333333
A0A0R4J0Q5,0.213879279,-0.443333333
P24668,0.628162359,-0.086666667
O88668,0.043087904,0.39
E9Q3B9,0.501657083,0.126666667
Q91V55,0.11001475,-0.263333333
Q9CYA0,0.050949483,-0.256666667
Q9QYJ0,0.211749091,-0.306666667
Q9JMH9,0.782428675,-0.04
Q61699-2,0.016118945,0.606666667
Q922D4,0.796760081,-0.056666667
P80313,0.029715614,0.173333333
Q8BGT5,0.367387919,-0.183333333
Q9EQC1,0.09014043,0.653333333
Q9CQC9,0.606739677,0.063333333
P14094,0.235782951,0.1
Q60972,0.186799523,-0.276666667
P63038,0.00277599,-0.14
Q91ZJ5,0.087505954,0.21
Q9DB29,0.060323832,-2.503333333
Q3UJU9,0.081407577,-0.26
P62908,0.224982121,-0.123333333
Q8BYC6,0.063886905,-0.146666667
F7C846,0.581876252,-0.073333333
P84084,0.120355438,0.056666667
Q9D0S9,0.2841084,-0.066666667
P62827,0.049392653,0.136666667
O54754,0.00190815,0.75
O09172,0.181248747,-0.1
P50172,0.270159778,-0.11
A0A140LJ01,0.327929437,0.1
Q91XF0,0.214687274,-0.073333333
P68372,0.044603715,-0.236666667
P17879,0.014719039,0.62
G3UYG6,0.43745949,-0.21
Q8VDG5,0.326658373,0.17
Q8R0F8,0.175424721,-0.1
Q9ERF3,0.359143386,0.116666667
Q8JZZ0,0.076570001,-0.36
A8DUK4,0.191892567,1.493333333
P68033,0.457019303,0.04
P11087,0.85389432,0.043333333
E9QJW0,0.066356971,-0.183333333
Q9CZ04,0.158887551,0.096666667
Q99K30,0.901723251,-0.01
O35381,0.020335245,-0.333333333
Q7TMF3,0.726864174,-0.036666667
Q61171,0.402215361,0.116666667
Q00896,0.106892154,0.356666667
Q9WVE8,0.328930164,0.043333333
Q8VCT3,0.272152761,0.143333333
Q9JMH6,0.000363506,0.236666667
Q9DB77,0.456980233,-0.046666667
P46460,0.883882935,0.03
P56395,0.655882026,0.09
Q9CR21,0.024420014,0.206666667
Q99LB7,0.00584714,-0.36
P68373,0.457597901,0.216666667
P19221,0.849784414,-0.023333333
P63260,0.038314171,0.133333333
Q91WK2,0.028390528,-0.22
Q9DBL1,0.681104366,-0.06
P29758,0.428055485,0.076666667
A0A1B0GS58,0.155243952,0.176666667
Q9ERE7,0.803988442,0.063333333
Q8BTM8,0.529982769,0.1
Q61559,0.4604115,-0.453333333
P51174,0.047195289,-0.24
Q922B1,0.098051884,-0.28
Q9WVD5,0.618033994,-0.093333333
P26231,0.650825591,0.066666667
Q69ZS7,0.24569325,-0.27
Q99MR8,0.132393311,0.14
Q91WG0,0.472979251,0.106666667
Q99JY9,0.224787547,0.073333333
Q6IRU2,0.886684852,0.02
O89017,0.58206546,0.06
Q61102,0.218750708,-0.366666667
O70591,0.356765073,-0.186666667
Q9DBM2,0.15120772,0.153333333
Q8VEK3,0.20564329,0.18
Q8BGC4,0.526775615,0.073333333
Q9QYB1,0.308447223,0.1
Q9DBC0,0.02619042,-0.396666667
Q9Z0N2,0.001276843,-0.223333333
P61089,0.708834227,-0.153333333
Q8BK48,0.095654598,-0.396666667
Q9WVA3,0.105194591,0.166666667
Q9JK38,0.051027473,-0.523333333
P10711,0.602611686,0.316666667
Q9DB27,0.635948195,-0.056666667
Q3TLP5,0.055070015,-0.313333333
P62245,0.057494527,0.596666667
Q9WUK2,0.183896168,-0.193333333
Q64435,0.010199205,0.496666667
Q9CY58,0.19866146,-0.07
P08752,0.772972197,-0.023333333
Q8QZR3,0.237816759,0.276666667
P00186,0.051330402,-0.343333333
Q11136,0.116865408,0.343333333
Q91VM5,0.093823261,0.236666667
Q9D6R2,0.106775864,0.186666667
Q9D832,0.027451347,0.44
Q925I1,0.535022325,-0.083333333
Q5EBG8,0.290420945,-0.103333333
P80318,0.028620594,0.223333333
P62196,0.586565904,0.036666667
Q3THK7,0.540934261,0.073333333
Q9CQM8,0.18003362,-0.11
O35344,0.118889791,0.126666667
Q02053,0.692429469,-0.02
Q8BU30,0.012690599,-0.1
Q8QZS1,0.002237963,-0.626666667
Q9QWG7,0.006472747,-0.91
P47911,0.024728096,-0.216666667
G5E924,0.936765741,0.003333333
Q64442,0.029079894,-0.183333333
H9KV00,0.270669357,0.443333333
P68040,0.107684806,0.076666667
P99028,0.310845572,0.196666667
Q9WUM3,0.125410685,0.093333333
Q9WTM5,0.269821973,0.243333333
O09159,0.222823192,0.156666667
Q3UGC7,0.012009465,-0.153333333
Q8BH35,0.825398212,-0.083333333
Q91WT7,0.001659861,0.353333333
Q8BVY0,0.149705284,0.446666667
P11688,0.25518326,-0.286666667
Q3TDQ1,0.097522407,0.2
Q3U9N4,0.601994012,0.12
P48428,0.921948647,-0.016666667
P27046,0.458240066,0.08
Q99K51,0.319501026,0.103333333
A2AQJ8,0.054577541,-0.653333333
Q8BWP5,0.343157387,-0.133333333
Q9DCJ5,0.657653501,-0.04
P08003,0.129471049,0.09
Q283N4,0.196469544,-0.466666667
Q9Z2W0,0.782580902,-0.033333333
Q9D0F3,0.47662112,-0.06
Q8R5L1,0.005115221,-0.203333333
O35423-2,0.037434946,-0.816666667
P35492,0.009928943,-0.656666667
Q9JIY5,0.468807213,0.036666667
A0A0J9YUI8,0.720186503,-0.05
P61971,0.079238016,-0.186666667
Q9CZX8,1,3.47E-18
Q9D2R0,0.29096197,-0.276666667
A0A1L1SV73,0.188966212,-0.343333333
Q3UJB0,0.205292622,0.176666667
Q9WVA2,0.070467006,-0.266666667
P70697,0.261262702,-0.126666667
Q8CGF7,0.984786374,0.003333333
Q8VHE0,0.186916641,0.17
P21614,0.021520638,0.416666667
P0DN34,0.647178187,0.063333333
Q64FW2,0.001367694,2.15
P08113,0.067930729,-0.126666667
P50431,0.018398738,-0.643333333
Q4VWZ5,0.153848201,-0.146666667
Q9D8C4,0.296782817,-0.203333333
O08795-2,0.656773374,-0.036666667
Q571F8,0.025537044,0.413333333
G3X8U3,0.074966859,0.336666667
Q61508,0.612807799,0.063333333
Q91XC8,0.377635722,0.283333333
P62192,0.100611286,0.136666667
P42669,0.973447049,0.006666667
Q9D051,0.02060801,-0.42
Q64010,0.337721699,0.226666667
Q99LC9,0.681602217,0.163333333
Q3UNX5,0.891888087,-0.026666667
Q9D0J8,0.830706566,0.03
Q9WVQ5,0.479424667,-0.216666667
Q3UHX2,0.801572751,0.036666667
Q00897,0.057727857,-1.073333333
P05202,0.2444012,0.103333333
Q3UGX2,0.768480213,0.046666667
P53986,0.469431178,0.286666667
Q9QYF1,0.012829563,-0.893333333
Q9DBB9,0.323971637,-0.14
Q9R112,0.226289922,-0.1
P54869,0.484135406,-0.083333333
Q61655,0.991829313,0.003333333
P42232,0.111574584,-0.28
Q6DFW4,0.188181961,0.183333333
O88455,0.014009915,-0.196666667
Q9DAS9,0.040169531,-0.21
Q3ULJ0,0.004079638,-0.62
B1AZ14,0.386357204,0.09
K9J7B2,0.035049443,0.29
Q60865,0.793713412,-0.03
Q9D8U8,0.122752151,0.093333333
Q8R1V4,0.50356832,0.07
Q99N87,0.094996856,0.25
Q6P9Q6,0.058307516,-0.266666667
Q62452,0.240326651,-0.22
Q9WTP6,0.048107935,-0.19
P17563,0.011008207,0.563333333
Q7TSC1,0.678024177,0.076666667
P32261,0.287158006,-0.293333333
P51410,0.320202589,0.093333333
Q9QXS1,0.903215429,0.01
P43277,0.226609997,-0.226666667
P68037,0.282335261,0.1
P62627,0.216466479,-0.13
P63101,0.22964471,0.156666667
Q9CZU6,0.491094058,0.05
O88533,0.628002183,-0.066666667
P62259,0.136996853,-0.093333333
A2AKK5,0.968516439,-0.016666667
P11930,0.944437198,-0.013333333
Q78JT3,0.113082038,0.19
Q9JKR6,0.025680162,-0.193333333
Q61490,0.009313878,-0.4
O08583,0.700913613,-0.036666667
Q9WUA2,0.525151388,-0.066666667
P26039,0.271399862,0.096666667
O08915,0.027045533,-0.316666667
Q9JI75,0.033376185,-0.536666667
P56380,0.565006201,0.096666667
P02089,0.058081259,1.396666667
Q9Z1J3,0.870108707,-0.013333333
Q8QZY1,0.099432582,-0.203333333
P10518,0.227270243,-0.183333333
Q9R1P1,0.177730342,0.156666667
Q9Z2X1,0.858681743,0.026666667
O35691,1,-1.39E-17
Q91YW3,0.81021941,0.03
Q9D880,0.125182052,-0.213333333
O88428,0.007720458,-0.286666667
Q9JHS4,0.124533311,0.306666667
P35980,0.268482194,0.49
A0A0N4SVP8,0.816975087,0.026666667
Q3TH01,0.012588276,-1.66
Q921H9,0.42768421,0.14
P14131,0.440134419,-0.276666667
P08032,0.726341946,0.116666667
Q8BVI4,0.00041191,-0.483333333
Q9R1P4,0.026141574,0.276666667
Q9D819,0.371324776,0.04
E9PZ00,0.730502765,0.03
Q9D404,0.019183012,-0.49
P42125,0.720537267,0.056666667
O89023,0.110893735,-0.156666667
Q9R1Z8,0.359885123,0.143333333
Q922Q1,0.408547593,0.126666667
Q9Z1Q9,0.240735727,0.09
F6Q404,0.105798236,0.12
P17426,0.256980572,0.22
Q9CQS8,0.088171781,-0.116666667
A0A0R4J1V0,0.104014952,0.076666667
Q8BIJ6,0.302655153,0.143333333
P20152,0.009939453,0.576666667
Q6PB66,0.4244698,0.076666667
Q7TPV4,0.60431153,-0.043333333
P62858,0.115385539,0.26
Q9DCT8,0.00140134,-0.596666667
Q6ZWV7,0.532631447,-0.093333333
Q9D554,0.777836833,-0.043333333
P24721,0.020234514,-0.253333333
Q9CW42,0.025378958,-0.363333333
P59325,0.761498375,-0.043333333
Q8QZT1,0.019850025,-0.323333333
Q9DBG1,0.013503382,-0.203333333
Q9D1A2,0.003153909,-0.34
Q61830,0.122381828,0.133333333
A0A1W2P768,0.002007211,-0.706666667
G3UW70,0.014043464,-0.236666667
Q9JLI6,0.916998145,-0.01
Q8K310,0.981616777,-0.003333333
P24547,0.727263997,0.096666667
P10853,0.118315636,0.573333333
Q8VDQ1,0.129319187,-0.156666667
P31230,0.777781433,0.07
E9PWQ3,0.237024412,-0.103333333
E9QNH7,0.947208962,0.003333333
P63330,0.907156315,-0.006666667
P15105,0.895024872,-0.013333333
P12265,0.000862529,1.38
P54775,0.405402565,0.053333333
Q8BML9,0.757706678,0.016666667
Q9QYR9,0.674953019,-0.176666667
Q62093,0.170820897,0.243333333
Q9DCW4,0.040125831,-0.223333333
P13516,0.1897154,-1.513333333
Q91X72,0.320064334,0.166666667
A2AN08,0.9631289,-0.016666667
E9QNP0,0.0980012,0.376666667
P33267,0.448112939,0.06
Q61879,0.10031182,0.17
E9Q4Z2,0.564243892,0.163333333
P68368,0.012830036,-0.436666667
Q9D7I5,0.879850536,-0.023333333
B2RX12,0.014433489,-0.493333333
Q8VEM8,0.221604692,-0.106666667
Q5YD48-2,0.002076593,-0.333333333
Q921S7,0.037652645,0.356666667
E9Q6R7,0.883877202,-0.043333333
Q564E2,0.849228295,-0.036666667
E9PY03,0.003416933,-0.796666667
P05064,0.001826519,0.5
A0A1D5RM85,0.003241764,0.6
D3Z780,0.908570123,-0.016666667
Q8VCU1,0.566957909,0.06
A2AFQ0,0.849418042,0.04
Q3UP75,0.942687868,-0.056666667
Q920B9,0.519360586,0.163333333
Q922D8,0.11328781,-0.106666667
Q921M3,0.98822877,0.003333333
Q9JMG1,0.597699878,0.033333333
Q99KG5,0.402670991,-0.276666667
Q9DBE0,0.05262669,1.293333333
Q80W21,0.240559043,-0.063333333
Q8BTZ7,0.823672416,0.076666667
Q8BHN3,0.840345773,-0.02
Q9R0Q7,0.785393258,0.036666667
Q8C0C7,0.609461919,-0.04
Q99L47,0.855147102,0.033333333
Q9D7B6,0.021638853,-0.313333333